patient_id,ho_ten,cccd,ngay_sinh,so_dien_thoai,email,dia_chi,benh,ket_qua_xet_nghiem,bac_si_phu_trach,ngay_kham
bdd640fb-0667-4ad1-9c80-317fa3b1799d,Ông Quang Dương,105566710213,08/05/1954,0736302978,tranjohn@example.com,"338 Hạnh Đức Đặng xã JaneThành phố, 895667",Tim mạch,10.28,Anh Dũng Mai,31/01/2026
562b0f79-c374-49ee-b50b-ea63371ecd7b,Bảo Phú Mai,204207436838,09/07/1948,0558893998,nhoang@example.net,"18 Hương Bùi Tổ
Hương Bùi phố JohnPhường, 338968",Huyết áp cao,10.6,An Mai,20/01/2026
a2bc372f-7412-4293-8729-4739614ff3d7,Mai Lê,086603985512,15/11/1963,0998616123,john45@example.net,"64 Bà Hải Dương phố JaneThị xã, 380746",Tiểu đường,5.92,Hoàng Hải Mai,03/03/2026
654821d0-7fcd-4eb1-a7ca-d415366eb16f,Nam Bùi,467047279842,03/12/1968,0839688889,duongjane@example.net,"7 Vũ Vũ, 166613",Khỏe mạnh,11.67,Anh Nam Hoàng,18/02/2026
f143262f-dc5c-4eed-8da0-365bf89897b9,An Quang Trần,250583675453,03/09/1971,0949430147,janebui@example.net,"2 Bà Dương Lê
Huyện JohnXã, 916449",Khỏe mạnh,10.64,Duyên Chị Hải Vũ,05/04/2026
5cec4eb5-edd9-4831-9ca3-5cfb04fc6d82,Hải Dương,345451662846,21/02/1968,0714917790,vle@example.org,"Quận JaneXã
89 Quý cô An Dương Làng, 847581",Tiểu đường,3.64,Quý cô Thành Trần,27/03/2026
1efa2197-7394-488f-847f-d9b4e64d1bcb,Chị Hà Vũ,339879613715,22/03/1938,0965806865,janele@example.com,"105 Minh Lê
JohnXã, 238739",Khỏe mạnh,10.35,Bà Nhật Dương Châu Bà Nhật Dương,06/02/2026
6e595ed3-a8b3-47fa-98d0-752b1825bc54,An Bùi,824161293784,24/09/1942,0527014891,jane90@example.com,"338 Anh Nam Vũ
Huyện JaneQuận, 179046",Tiểu đường,4.17,Khoa Mai,03/01/2026
c0e9ab30-ed26-42e9-97e0-11b7f8102383,Ngọc Dương,695444957179,14/11/2000,0361581411,john37@example.net,"74 Thành Dương Dãy
Quận JaneQuận, 161324",Huyết áp cao,4.78,Lâm Phú Dương,12/01/2026
80bacd64-7a0e-4fea-958c-a9ba0cd620c2,Ngọc Hoàng,951548739190,25/08/1960,0510211177,lmai@example.net,"939 Quý cô Kim Lê
JaneQuận, 802258",Huyết áp cao,4.06,Mai Nguyễn,26/01/2026
750cab75-4ccc-4bc2-a53f-8a28abf3e3fc,Phương Bảo Mai,022083523305,19/12/1948,0363604481,john55@example.net,"354 Bà Khoa Dương
Huyện JohnQuận, 377312",Tiểu đường,6.61,Quang Dương,31/01/2026
35ebd32d-9ad6-40ab-8821-2ddb45b89cd9,Cô Ngọc Dương,726019984825,06/11/2001,0395127293,john97@example.com,"427 Minh Dương Đường
Minh Dương phố JohnXã, 137778",Tim mạch,4.13,Nhiên Thành Mai Bảo Mai,25/01/2026
e623a689-5d59-4d2a-8eea-04e70ab54bde,Trọng Văn Vũ,471896051488,13/12/1963,0523003142,tranjohn@example.org,"2 Nhật Phạm
JohnQuận, 872343",Khỏe mạnh,9.56,Bà Lâm Đặng,31/01/2026
61ee411a-1bac-47a7-b386-f7a4c991603f,Cô Nhật Lê,847667937978,19/08/1965,0853254425,jane83@example.net,"036 Quý ông Bảo Mai Ngõ
JanePhường, 634150",Khỏe mạnh,3.6,Bác Nhiên Bùi,23/01/2026
2db69edb-42de-4fcc-b86c-2ca2e08596db,Anh Nam Hoàng,798094638489,03/07/1994,0311355634,johnbui@example.org,"06 Cô Vi Mai, 446239",Tim mạch,3.77,Quý ông Hưng Hoàng Thế Quý ông Hưng Hoàng,02/03/2026
6703b636-5380-4904-a88c-7015aab97e49,Quý ông Nhiên Bùi,030787786760,20/06/1961,0301227832,dangjohn@example.com,"80 Cô Vi Phạm Làng
JaneThị xã, 563246",Tiểu đường,4.32,Phương Thị Bùi,02/02/2026
83f4a9a9-48a6-49d0-95b5-2908a8aa7158,Quý cô Mai Trần,828734304521,06/12/1965,0331537928,ctran@example.org,"1 Nhật Lê Làng
JaneThị xã, 355836",Khỏe mạnh,10.64,Bà Vi Vũ,12/02/2026
b227462c-f53d-4330-8dda-24ba2d06e8cf,Huy Văn Nguyễn,042348859432,16/11/1951,0904649237,jane26@example.com,"98 Huy Hải Hoàng, 888295",Huyết áp cao,7.75,Trung Đức Bùi Vi Trung Đức Bùi,05/04/2026
709b7d97-464c-44af-bd3f-3799a07295e9,Nhật Ông Quang Trần,857397455586,10/04/1967,0892226771,jane49@example.net,"23 Thành Hoàng Vũ
JaneThị xã, 165290",Huyết áp cao,9.01,Quý cô Mai Hoàng,04/01/2026
9360715f-c3fe-4183-a172-b725db52ca58,Nhật Lâm Nguyễn,160263030669,01/01/1976,0933725041,john58@example.com,"34 Chị Nhật DươngJanePhường, 812131",Tim mạch,8.89,Nhật Trọng Nguyễn,25/01/2026
06e745f9-88bc-439c-9f4c-3b79fb10987f,Kim Thị Mai,386810535961,10/09/1993,0708528160,janevu@example.net,"755 Trọng Đức Hoàng Số
JohnThị xã, 120324",Khỏe mạnh,5.87,Quang Lê,07/05/2026
a6d964a3-f510-4b53-87fe-e39f1190f938,Vi Quý cô Nhật Bùi,790731582401,05/01/1969,0520833171,janele@example.net,"1 Tú Dương
JohnXã, 736745",Khỏe mạnh,5.02,Bà Linh Trần,21/01/2026
4fdc6e1b-edcb-4cb6-8692-dc639424aed5,Tú Lê,185233375212,30/05/1968,0830220612,lle@example.org,"6 Tú Hoàng Tổ
Tú Hoàng xã JaneThành phố, 554582",Huyết áp cao,6.76,Chị Hương Đặng,04/02/2026
a6846099-f729-4951-8591-31d2bbda0242,Trọng Nhật Bùi,576875111417,28/02/2001,0367565579,jane41@example.net,"473 Ông Nam Vũ Số
JohnThị xã, 992288",Khỏe mạnh,5.23,Chi Hoàng,10/03/2026
4797b2c9-5720-4246-8223-623bcc3ebdde,Hạnh Bảo Phạm,725851204911,02/09/2005,0701000198,janevu@example.net,"7 Hạnh Thế Bùi
Hạnh Thế Bùi, 825391",Tim mạch,6.98,An Nguyễn,13/03/2026
58007c02-87ea-4ff5-8db0-674679279973,Hải Hải Vũ,250995268656,10/02/1997,0865244318,npham@example.com,"823 Châu Hoàng Bùi
JohnQuận, 410636",Tim mạch,8.72,Chị Bảo Mai,03/01/2026
4639447b-2067-4dac-88bd-13d1b540b30e,Dũng Nguyễn,542201877496,13/02/1975,0791562357,vujohn@example.com,"75 Phúc Bùi phố, 520172",Tiểu đường,5.36,Ông Bảo Mai Nhiên Ông Bảo Mai,30/01/2026
f2f9e5fa-9016-4161-8fa7-01cd2631d00b,Quang Thị Đặng,993648809197,25/06/1951,0728976744,jane80@example.com,"74 Lan Bùi Đường
Quận JohnHuyện, 792509",Khỏe mạnh,4.95,Anh Bùi,03/02/2026
00af5b3a-2812-459a-9337-739e8d4f5d27,Nhật Dũng Văn Trần,485633555633,20/10/1939,0394138575,mmai@example.net,"3 Phương Trần Làng
JohnXã, 335729",Tim mạch,7.13,Trung Bảo Dương,12/01/2026
9854ce4e-4ebf-45c3-8ae9-b4a72a79ea68,Thành Thế Vũ,240515858059,24/02/1999,0867978279,john59@example.com,"0 Bà Lâm Bùi Khu
Bà Lâm Bùi phố JohnPhường, 976566",Tim mạch,6.2,Vi Cô Hải Mai,22/04/2026
2cd94cbb-c19a-458c-835b-1c8c0a4c9f7f,Hưng Nguyễn,723649095374,06/09/1994,0587740706,johnle@example.org,"1 Nhật Phạm, 519904",Huyết áp cao,11.96,Châu Mai,03/03/2026
f85e06a1-1dad-49b2-92c2-1221409d3602,Bà Dương Đặng,431895997697,26/03/1998,0974677061,phamjohn@example.com,"7 An Hoàng Vũ
An Hoàng Vũ, 608257",Khỏe mạnh,6.11,Minh Phú Mai,16/02/2026
8d03c91e-4f8d-4238-a88b-78b5b5b453ca,Yến Hoàng,056619208790,17/01/1948,0396017864,tdang@example.org,"48 Hương Lê Dãy
JohnThị xã, 678043",Tiểu đường,5.18,Bà Nhật Hoàng,09/04/2026
dd30de89-22f2-45f2-a11b-868dbf0d073d,Bà Lâm Phạm,849164702778,13/08/1981,0805615222,idang@example.com,"787 Anh Hoàng Đặng Số
JaneQuận, 831380",Tim mạch,6.37,Khoa Mai,09/01/2026
b489d070-7914-48a8-bea4-ff31517400f8,Cô Yến Đặng,405800334109,25/05/1940,0593354422,ibui@example.org,"262 Cô Hà MaiJanePhường, 184216",Huyết áp cao,5.02,Cô Hà Hoàng,02/05/2026
7cea2045-c268-483e-a32f-2e63b7fddd71,Duyên Nam Nguyễn,770657915986,24/04/1967,0377224449,johnbui@example.net,"24 Khoa Hoàng Dương, 551607",Tiểu đường,10.55,Xuân Phạm,20/04/2026
2b840c67-2e18-4554-8ae2-8e66ae8a7813,Phương Phú Hoàng,703371834354,19/02/1968,0809041954,jane47@example.org,"40 Yến Lê Hẻm
Yến Lê xã JaneXã, 413685",Huyết áp cao,7.12,Bác Hưng Bùi,28/02/2026
da743152-627b-41a1-bfd6-f23232ffe294,Thành Đặng,799001914285,18/03/1984,0740298920,john54@example.org,"7 Dũng Bảo Phạm Tổ
Quận JanePhường, 892280",Tiểu đường,4.97,Anh Đức Đặng,01/03/2026
945ef2e4-088a-43ec-b0d9-c9f8c9e26074,Vi Mai,785179589615,29/10/1979,0305590787,johnpham@example.net,"8 Hà Phạm Khu
JanePhường, 455168",Huyết áp cao,7.46,Ông Minh Nguyễn,28/01/2026
dc322c97-39c1-4262-b76c-8edec1101266,Yến Trần,452104264470,22/01/1989,0505861893,lle@example.com,"6 Bác Vũ Hoàng Làng
JohnXã, 688678",Khỏe mạnh,8.23,Trọng Thành Hoàng,04/05/2026
b379cb1e-e8cd-40cc-b6da-3ca0d2e82f38,Tú Hải Trần,553207654192,20/05/1954,0817743508,johndang@example.com,"2 An Hải Mai Tổ
JohnThị xã, 786735",Tiểu đường,7.13,Nhật Dũng Hữu Nguyễn,21/03/2026
08601833-479d-4cda-b396-ea37f065c817,Hạnh Đặng,042245165255,30/06/1967,0802398219,johnduong@example.org,"31 Bác Hưng Đặng Làng
Bác Hưng Đặng phố JaneQuận, 232040",Huyết áp cao,5.4,Quý cô Lâm Vũ,10/02/2026
dea45c19-d024-4d72-b748-967f961d33ba,Cô Mai Vũ Vi Cô Mai Vũ,283081314605,29/09/1935,0869488254,janebui@example.net,"0 Thành Xuân Hoàng JohnQuận, 378258",Khỏe mạnh,7.35,Ông Minh Vũ,13/04/2026
79eb4168-1045-46e5-bee3-eb791d181ee9,Bác Quang Lê,896987531106,15/03/1950,0878695809,john31@example.org,"00 Kim Thị Lê Số
Kim Thị Lê xã JaneThành phố, 184714",Huyết áp cao,8.34,Trọng Nhật Vũ,25/01/2026
95da75c1-a211-40f9-9fd3-4579466772ce,Bác Thành Trần,318204750378,01/03/2004,0974299538,yle@example.org,"73 Quý cô Vi Lê Dãy
JanePhường, 199704",Khỏe mạnh,10.33,Ánh Nguyễn,14/03/2026
ec48bf55-afd3-40c4-a713-582cf41ea3ac,Quý cô Thành Lê,328285282059,18/01/1948,0818667823,janeduong@example.org,"0 Cô Nhật Nguyễn Số
JanePhường, 153945",Huyết áp cao,8.05,Trọng Ông Dũng Đặng,10/03/2026
36760ce5-81e5-49f6-93f2-77cc1a85910d,Chi Vũ,931041234358,04/01/1983,0914048418,jane95@example.net,"4 Bảo Vũ, 106402",Huyết áp cao,9.48,Duyên Lê,14/01/2026
f8c88fae-a217-4f84-bdb0-25ff2451e5a4,Mai Mai,927506843954,21/08/1964,0567636892,janetran@example.org,"5 Nhật Mai Trần phố JohnHuyện, 564637",Tiểu đường,4.73,Khoa Đặng,23/02/2026
1d2324e6-8329-40b7-8143-f426372f871a,Quý cô Khoa Lê,855715836365,03/08/2001,0915663300,janemai@example.com,"32 Nam Trần Tổ
Nam Trần phố JanePhường, 551574",Huyết áp cao,10.78,Quý cô Hồng Mai,14/02/2026
ab05347f-d556-437d-8f08-81ee8011316b,Anh Dương Hữu Anh Dương,377384611440,23/09/1994,0708811949,jane23@example.net,"6 Hương Mai Số
Huyện JohnXã, 582446",Tiểu đường,6.53,Bà Bảo Trần,17/02/2026
862268d1-6683-4107-96c0-44d06f887f28,Thảo Lê,933991365611,26/07/1981,0833805884,duongjohn@example.com,"8 Ánh Hoàng, 368402",Tim mạch,4.33,Dũng Trần Duyên Dũng Trần,08/05/2026
c5d95f51-f387-41bd-ad59-72c6134a5a2f,Bà An Trần Nhiên Bà An Trần,196088333765,15/06/1996,0770701116,anguyen@example.net,"90 Nhiên Phú Hoàng, 139434",Khỏe mạnh,8.37,Bà Phương Hoàng,15/01/2026
daf481a7-fa34-42e8-9d3f-7d7ea508dc95,Phương Văn Phạm,158956952653,15/05/2004,0744724335,john02@example.net,"93 Ông Quang Đặng Dãy
Ông Quang Đặng phố JaneThành phố, 950360",Huyết áp cao,9.57,Anh Phúc Mai,18/02/2026
707df251-fdb1-429e-b010-ed13b526b22d,Bà Thành Vũ,885376536971,01/02/1988,0334363095,johnvu@example.com,"518 Phúc Phạm Khu
Huyện JohnXã, 795847",Huyết áp cao,11.16,Hạnh Phạm,26/01/2026
15b02530-f020-4992-b576-255e98549f22,Vũ Trần,214440755471,24/01/1980,0301785466,johnle@example.org,"23 Quý cô Nhật Phạm Làng
Quận JohnThành phố, 410160",Huyết áp cao,7.21,Cô Phương Bùi,13/04/2026
e05b46c5-5636-4094-a974-31db09a9d1c1,Hương Lê,557880469967,21/12/1959,0972714843,vle@example.net,"94 Chị Thành Vũ Làng
JaneQuận, 485709",Huyết áp cao,6.8,Chị Vân Nguyễn,08/04/2026
297ca4ff-f75d-499f-ab2d-5b0987079ad4,Nhật Nguyễn,678722024703,17/06/1942,0599404246,janedang@example.com,"12 Vũ Vũ Hẻm
JohnQuận, 956375",Tiểu đường,8.2,Chị Xuân Phạm,11/01/2026
3c5bf3a7-5fbb-40b1-8083-89c8657e01c9,Hương Lê,647164957522,13/03/1939,0746557024,xhoang@example.org,"2 Lâm Quang Lê phố JaneQuận, 975522",Huyết áp cao,9.08,Khoa Hoàng,16/02/2026
3d0a5f0c-0c39-4ec7-9f31-74054d183eba,Quý cô Khoa Nguyễn,364382154020,12/06/1950,0528370680,johntran@example.com,"2 Chị An Nguyễn Đường
JohnXã, 536802",Huyết áp cao,9.73,Cô Lan Nguyễn,14/01/2026
81e03a5e-8b48-4496-86ab-d4e7f4124360,Huy Bảo Nguyễn,416665952004,14/04/1941,0813182100,knguyen@example.net,"31 Dũng Hoàng Đường
JanePhường, 283594",Khỏe mạnh,5.61,Ông Quang Phạm,13/01/2026
752a7d25-f190-4b7e-86b4-69efb74eba93,Quý cô Linh Đặng,306641291733,27/04/1941,0971463158,phamjane@example.net,"03 Quang Nguyễn
JaneThành phố, 938171",Tim mạch,6.85,An Lê,17/03/2026
7f072cb9-2fd3-40c0-b945-f2fd56cb1ab0,Bác Quang Đức Trần,850921094880,08/08/1946,0357390276,ptran@example.org,"Tùng Xuân Hoàng phố
44 Tùng Xuân Hoàng Số, 274739",Khỏe mạnh,10.53,Bác Quang Hoàng,10/03/2026
46494296-6f58-42c3-bf86-cc319d66e815,Bác Bảo Bùi,960356539885,21/10/1984,0852557295,janedang@example.net,"213 Bảo Trần Số
Quận JaneHuyện, 490084",Tim mạch,9.48,Khoa Bùi,13/04/2026
a6499cdc-507b-4072-a5e5-8f345df06e8c,Anh Dũng Hoàng,627411508833,20/11/1938,0850511745,johndang@example.com,"47 Cô Hạnh Hoàng phố JohnThành phố, 574001",Tiểu đường,9.81,Linh Trần,10/05/2026
8ccc9cea-109f-48ee-b5a4-720058f0dd23,Dương Dương,353092132585,20/01/1959,0529377005,maijane@example.net,"589 Hà Mai Hẻm
Hà Mai phố JaneThị xã, 851759",Tiểu đường,9.91,Tú Bùi,15/01/2026
a4704d48-5128-49b1-b8ed-e0ca20156a72,Quý cô Lâm Bùi,805379981655,09/10/2005,0573757804,janemai@example.com,"80 Ông Tú Hoàng, 336422",Huyết áp cao,6.09,Duyên Đặng,18/02/2026
8d03f17a-f4d3-45c1-a293-19fa3240d7a1,Yến Lê,963094365745,19/12/2007,0310045963,vmai@example.net,"995 Bà Yến Lê, 536822",Tiểu đường,9.19,Quý ông Quang Phạm,26/02/2026
7ba24588-4d56-4a3d-b4e7-069aa4540937,Ông Tùng Lê,704901830646,16/04/1945,0596431169,john24@example.net,"92 Chị Yến Bùi Tổ
JohnHuyện, 639995",Khỏe mạnh,8.88,Quang Quang Đặng,01/04/2026
3f779cae-7318-496d-8479-06121f5d988f,Châu Vũ,730373722375,23/08/1987,0514487998,john45@example.com,"278 Hải Thị Mai Khu
JohnThành phố, 512344",Khỏe mạnh,4.61,Nhật Quang Vũ,10/03/2026
7eb162f1-4806-4804-8cf0-374c0c74dc0f,Bác Minh Đức Trần,268708681695,27/12/1949,0505708965,kpham@example.net,"06 Ông Vũ Bùi, 628750",Tiểu đường,8.05,Bà Hương Đặng,24/01/2026
64d6dfbf-18c0-4e2b-b99f-070420f0156a,Cô Mai Nguyễn,109743031732,14/06/1962,0762981354,nle@example.com,"87 Bảo Hoàng Nguyễn, 746447",Huyết áp cao,9.95,Bà Hà Hoàng,09/04/2026
7d66971e-8847-4c56-827c-9f8cd40ac5e9,Châu Hà Mai Dương,901262457949,29/06/1985,0389891288,wtran@example.com,"7 Chị An Hoàng Làng
Chị An Hoàng xã JohnXã, 759580",Khỏe mạnh,5.94,Quý ông Phúc Vũ,22/04/2026
30d73df7-1c22-4cea-b355-56a5f2bd92f2,Quang Trí Lê,059752612233,09/05/1992,0926217838,duongjohn@example.net,"0 Kim Phú Vũ, 281594",Tiểu đường,4.56,Bác Hải Bảo Mai,05/05/2026
9c2dfa97-43ad-4d62-b17c-fb21cdbc2c1c,Hải Tấn Phạm,607872477886,26/12/1975,0710634549,john46@example.com,"75 Chị Bảo Nguyễn Ngõ
JaneHuyện, 910616",Tiểu đường,3.85,Hải Đức Mai,16/01/2026
a7edc8d8-713f-4f8c-ac8b-e53758ab4778,Khoa Vũ,406795404683,10/11/1962,0986968962,spham@example.org,"083 Quang Tấn Vũ, 595351",Khỏe mạnh,8.25,Bà Phương Đặng,02/01/2026
edd97a1a-fa58-4b27-8ce3-e7c3f6eab3a0,Phúc Bùi,354945313745,04/05/2000,0750253853,rvu@example.com,"9 Thành Bùi phố, 976822",Tiểu đường,9.04,Nhật Vũ Phú Hoàng,08/01/2026
9a4ffc0c-9165-42ed-8c63-6e95025f5543,Chị Vân Nguyễn,044847655995,12/03/1997,0967823615,jane22@example.net,"27 Hạnh Bùi, 807160",Huyết áp cao,5.65,Linh Vũ Duyên Linh Vũ,25/03/2026
669d01ff-1634-425b-93f3-007383e96ef4,Cô Khoa Trần,794912379807,04/05/2000,0531115774,john16@example.org,"49 Minh Đức Trần phố JohnThị xã, 421709",Tiểu đường,9.05,Chị Dương Hoàng,02/03/2026
ea87855e-a382-45d3-9e0e-f546b0b6dedf,Cô Chi Phạm,967545612289,01/06/1965,0777898593,bduong@example.com,"87 Trọng Lê phố, 691573",Tim mạch,6.88,Lâm Vũ,09/04/2026
265cb9d9-8962-4f6e-929c-93b333c08bf1,Quý ông Phúc Mai,640673637414,07/03/1951,0970300472,janele@example.net,"Phúc Đặng, 122827",Tim mạch,11.99,Quý cô Hạnh Dương,23/04/2026
58330b30-6c77-4e95-8b98-1ccd12b2102d,Nam Thị Mai,306384158424,01/10/1944,0361470788,utran@example.org,"6 Chị Vân PhạmJaneThành phố, 815894",Tim mạch,8.41,Phúc Vũ,15/04/2026
ba54e920-2099-4180-8762-3997649f7d88,Hà Mai Bảo Phạm Vi Hà Mai Bảo Phạm,941567737098,19/12/1975,0976593246,jane32@example.org,"752 Ngọc Bùi Ngõ
Ngọc Bùi xã JohnQuận, 316092",Tiểu đường,10.87,Khoa Văn Mai,07/01/2026
b40a9181-ac09-4db7-9908-6e477249f62c,Quý cô Kim Bùi,041908398717,08/02/1990,0522734321,nguyenjohn@example.org,"843 Bảo Hoàng Tổ
Huyện JohnPhường, 646571",Tim mạch,4.51,Hưng Lê,12/01/2026
e134edfc-9777-4f10-b2d2-393f8e85140d,Thành Bùi,856129366667,27/09/1941,0851288274,jane08@example.com,"62 Chị Kim Trần Làng
JohnThị xã, 160423",Khỏe mạnh,5.17,Ánh Hoàng,17/02/2026
a58e83dd-548c-4d84-b40d-e04941476506,Bà Hương Vũ,630096425585,11/12/1947,0820265004,hoangjane@example.net,"398 Bà Kim TrầnJaneThành phố, 322096",Huyết áp cao,5.85,Nhật Thế Dương,17/02/2026
345af934-b42a-4d93-9aba-0f15b2149062,Chị Xuân Hoàng Tấn Chị Xuân Hoàng,189101962231,02/03/1987,0506280154,atran@example.com,"7 Chị Lan Đặng Dãy
JohnHuyện, 428122",Khỏe mạnh,6.13,Dũng Đặng,04/01/2026
95831d58-ef4c-4119-8da5-d39b42c21797,Quý cô Ánh Phạm,752913742862,02/04/1980,0886329578,jane92@example.net,"77 Ông Hoàng Nguyễn Tổ
Quận JaneQuận, 668471",Tiểu đường,4.33,Linh Nguyễn,15/01/2026
0c6b7074-ab10-4c9b-9168-2e09f1f7d904,Nhật Phú Phạm,696283016899,09/11/1966,0830591831,snguyen@example.com,"997 Ông Quang Mai phố, 655134",Khỏe mạnh,6.74,Bà An Vũ,04/01/2026
ac8d6c7d-b2a6-4468-902b-124380913ac1,Hà Đặng,040905132696,23/09/2006,0309822644,hoangjane@example.net,"61 Xuân Đặng Dãy
Quận JanePhường, 968286",Tiểu đường,7.45,Châu Đặng,19/01/2026
8d7dd772-608e-4f5c-a117-727067c0518b,Nhiên Đặng,365379827854,12/08/1946,0888915300,johnbui@example.com,"0 Chi Trần phố, 817675",Tiểu đường,4.11,Cô Yến Phạm,08/05/2026
d9b59f84-edc3-41c3-adea-2d2d086c405f,Cô Xuân Dương,686174941188,25/12/1954,0360429861,lejohn@example.net,"8 Bà Hạnh Lê Hẻm
Bà Hạnh Lê phố, 558320",Khỏe mạnh,3.73,Bảo Phạm,30/04/2026
f80b2cea-658e-44a2-9879-cf35f4719986,Thành Lê,473612481483,17/02/2002,0880417429,qnguyen@example.net,"943 Ánh Bùi, 508548",Huyết áp cao,10.94,Tùng Bùi,02/01/2026
5c238d8d-71da-45b9-8eea-9db8f165d779,Hải Mai Bảo Mai,918382626096,29/03/1947,0883941544,jane31@example.net,"015 Châu Trần
Huyện JaneThị xã, 917018",Huyết áp cao,6.58,Nhật Trung Mai Hoàng,17/02/2026
af70de70-2b69-495e-8567-1b58926bffa5,Kim Mai Bảo Lê,292158826084,05/05/1976,0367871072,janepham@example.com,"71 Quý ông Quang Hoàng Làng
JohnThị xã, 212168",Tiểu đường,11.25,Phương Thị Phạm,06/03/2026
cdd7f460-6140-47d3-9ec4-ea48d773f98d,Chị Bảo Phạm Tấn Chị Bảo Phạm,317413153990,19/11/1953,0380548002,john44@example.net,"47 Quý cô Kim Bùi, 219420",Tiểu đường,4.94,Quang Bảo Phạm,06/01/2026
f166cdcf-762c-4fbc-ba2a-a7baf3f81c31,Quý cô Phương Phạm Vi Quý cô Phương Phạm,268811625810,08/10/1944,0940857974,vujohn@example.org,"2 Bảo Xuân Vũ Ngõ
JaneXã, 520274",Tiểu đường,11.73,Ông Tùng Vũ,15/04/2026
15c1604f-ea16-4354-a35f-c9c198049562,Khoa Mai Bảo Lê,130857052330,30/12/1957,0388838541,phamjohn@example.org,"JohnThành phố
38 Bà Kim Bùi, 510133",Tim mạch,3.86,Nhật Tấn Vũ,04/04/2026
eba900e1-6a7d-4d96-8ba1-72331ac3bf31,Hoàng Hải Đặng,603771822760,07/10/1982,0895280087,hoangjohn@example.net,"775 Dương Mai phố JanePhường, 214675",Tiểu đường,10.74,Phương Phạm,18/04/2026
6d268b37-8f52-42d3-94bb-bcf828fea761,Hải Hoàng Vũ,781294894511,22/09/1960,0794392063,maijane@example.org,"96 Huy Hoàng BùiHuyện JohnXã, 206694",Tiểu đường,8.65,Chi Nguyễn,30/03/2026
dcd5bfae-abb3-46a7-8329-97801d2c2721,Hải Hải Bùi,073902555215,13/10/1988,0716021968,maijane@example.com,"9 Khoa Nguyễn phố, 291936",Tim mạch,6.65,Quý ông Hưng Lê,26/04/2026
6c4c450b-623a-40fc-9326-7d25234b4562,Yến Vũ,661944165580,08/12/1958,0575377576,zduong@example.org,"0 Dũng Đặng, 629990",Khỏe mạnh,11.53,Chị Khoa Nguyễn Châu Chị Khoa Nguyễn,28/03/2026
90bde900-1529-46f5-aad1-1fe87d1b695e,Vi Anh Hoàng Dương,728203677211,10/02/1975,0914472311,vujohn@example.com,"7 Bà Hạnh Vũ, 562806",Tim mạch,4.94,Hạnh Dương,27/02/2026
7321a8b2-0840-405a-bfd2-f491dff389aa,Nhật Nguyễn,244162664606,12/02/1995,0820881622,nguyenjohn@example.net,"9 Hà Văn Đặng Hẻm
Quận JohnXã, 467856",Tim mạch,7.19,Trọng Tùng Thị Trần,02/02/2026
4aea1b8f-b43c-4e0a-ba9f-c10e52daf681,Nhiên Vi Bùi,764281459117,15/05/2005,0525916163,zpham@example.net,"Quận JohnQuận
672 Anh Bùi Số, 573947",Huyết áp cao,6.11,Nhật Trần,20/03/2026
b1d81887-4739-4c7b-bff3-0c8d83ff3e96,Hưng Xuân Vũ,780267303488,11/09/1935,0995546413,hbui@example.org,"637 Nhiên Thị Hoàng Khu
JohnXã, 993829",Khỏe mạnh,6.99,Bảo Mai Bảo Đặng,20/01/2026
75a72686-d632-4d31-88ac-ffcfa04d4d14,Phương Đặng,335488220284,02/06/1995,0981020285,ile@example.net,"Khoa Đức Vũ
5 Khoa Đức Vũ Tổ, 796787",Tiểu đường,6.81,Cô Lâm Hoàng,15/02/2026
b4258e19-1758-447e-a7cd-e1436de21429,Anh Huy Hoàng,897179639677,02/04/2000,0591809194,john68@example.com,"516 Thành Trí Đặng, 945106",Tiểu đường,6.38,Vũ Mai Bùi,13/03/2026
61fa01ba-231a-47c7-8c9b-ff5ce1887eaf,Quý cô Hạnh Phạm,034407815644,06/07/1936,0354731130,phamjohn@example.org,"97 Thành Dương phố JaneHuyện, 550246",Tiểu đường,7.81,Quý cô Vi Phạm,06/05/2026
99db1302-8dab-46d3-bf87-dfc2159152f2,Lan Lê,608231865497,27/04/1963,0970682046,johnvu@example.org,"61 Duyên Bùi
Huyện JaneQuận, 505629",Khỏe mạnh,11.91,Ông Quang Phạm,15/01/2026
0387f74d-1149-4096-965d-744f0445c1a8,Bà Thành Phạm,818446185376,03/08/1943,0717533691,dangjane@example.net,"61 Anh Trung Bùi, 313068",Tiểu đường,6.06,Châu Vũ,04/05/2026
ae59aa52-a65b-422b-95a3-86d9c362a810,Khoa Mai Đặng,791292614933,02/11/1967,0362835221,phamjane@example.net,"21 Chị Ánh Trần, 642347",Tim mạch,5.13,Hoàng Dương,25/01/2026
44cdbfdd-df9b-441e-87f7-bda1bff15840,Trung Hữu Đặng,473039522349,15/10/1993,0939068998,johnpham@example.org,"5 Hoàng Phú Lê
JohnHuyện, 910894",Tim mạch,4.49,Cô Bảo Vũ,14/02/2026
0b461173-00a8-4473-8242-5912bda3c162,Thành Đặng,227073476148,26/07/1999,0927492562,dangjohn@example.com,"536 Bà Hồng Bùi Ngõ
JohnXã, 806033",Tiểu đường,9.26,Khoa Hải Đặng,11/04/2026
66a302d6-f43e-4c48-8bc1-f9e5fb3df063,Nhật Bảo Phạm,923006852162,23/08/1977,0972520338,jane45@example.net,"4 Tùng Phú Hoàng, 673108",Huyết áp cao,3.91,Tú Hoàng Vũ,05/01/2026
a2cd1590-58af-493c-8aa2-b4c93ba5bd76,Chị Hương Lê,005879491599,27/07/1986,0759412502,iduong@example.org,"410 Chị An Mai, 200219",Tiểu đường,7.71,Anh Nguyễn,21/04/2026
f6d70248-a995-4cc3-af5b-09a60ff1c51f,Cô Ngọc Bùi,147157439502,26/03/1978,0707044085,jane97@example.net,"291 Hoàng Vũ, 526259",Tiểu đường,8.89,Lâm Dương,10/02/2026
43d78f2b-769d-41e3-8eed-412473b0d676,Quý cô Bảo Bùi,310578483490,05/10/1976,0863346699,nguyenjane@example.net,"68 Bà Khoa Phạm phố JaneThị xã, 682959",Tiểu đường,11.46,Nhật Hữu Hoàng,28/01/2026
d49347fc-0fc9-4d2e-830f-9be91f178f93,Bà Thành Hoàng,748229954280,08/01/1986,0501614138,kvu@example.net,"721 Vũ Bùi Đường
JohnQuận, 701761",Tim mạch,4.23,Nhật Chị Khoa Phạm,06/01/2026
2c3d17e2-6d39-4a75-aee7-0ab261fa8e7a,Chị Thảo Vũ,707931358101,12/06/1973,0800255124,jane38@example.com,"4 Hải Lê Dãy
Hải Lê phố JaneThị xã, 243902",Tim mạch,11.67,Anh Quang Bùi,04/01/2026
b69f75c5-c82b-41be-a1eb-64e6fd498e20,Bác Khoa Phạm,142042321797,26/09/2003,0364555607,duongjane@example.net,"407 Linh Phạm Làng
Linh Phạm phố JohnPhường, 352867",Khỏe mạnh,7.87,Quý ông Huy Phạm,12/02/2026
cc21cbdb-fb8f-48c4-98b4-8ead93608edf,Anh Trọng Trần,232055127215,22/07/1967,0969471071,dangjohn@example.com,"3 Phương Xuân Nguyễn JohnThành phố, 158896",Tiểu đường,4.16,Cô Phương Mai,03/04/2026
9d37efb6-eafb-4e90-94ec-84ce002ccb25,Bảo Hải Phạm,487475313716,26/05/1979,0383391953,johnnguyen@example.net,"851 Chi Phạm Ngõ
JaneHuyện, 243079",Huyết áp cao,8.24,Cô Hải Phạm,07/05/2026
f7ff88d4-b509-408a-ac98-8bca51397c06,Tùng Mai,055897816962,12/02/1977,0880709187,pvu@example.net,"0 Khoa Mai JohnHuyện, 881549",Tim mạch,6.66,Nhiên Phú Mai,04/03/2026
f68c62e6-e2a4-4909-a2dd-22d52afaab7b,Cô Ánh Đặng,758139035077,23/02/1996,0872944966,npham@example.com,"10 Dũng Thị Bùi
JohnThị xã, 617033",Huyết áp cao,7.77,Bà Kim Hoàng,04/04/2026
a6a5f0ff-93fb-41d0-9d32-6d9cc9ea356a,Trung Thị Phạm,564678914455,27/11/1939,0740187822,jane77@example.org,"21 Hồng Mai, 555292",Huyết áp cao,9.12,Nam Lê,09/02/2026
b27b7bb4-68c6-40b2-b0a2-cee8f9722cc1,Tú Phạm,253746447781,09/09/1967,0528864157,phamjohn@example.com,"050 Minh Hoàng Khu
JohnThành phố, 126985",Tiểu đường,8.69,Quý cô Ngọc Đặng,16/01/2026
4ef03f80-1d91-4e39-9801-4004793bed1b,Nhật An Phú Trần,431137357108,06/10/1947,0961545499,buijohn@example.org,"477 Cô Dương Nguyễn Khu
Quận JohnThành phố, 800596",Tim mạch,8.41,Ngọc Lê,14/02/2026
6319629b-d73e-4bb9-8f9c-a17b8db8dadf,Ông Hoàng Nguyễn,757203168716,06/06/1967,0928592321,john68@example.net,"9 Chi Dương, 232315",Khỏe mạnh,9.86,Thành Dương,26/03/2026
a091e5b4-d293-4e6e-bf4d-093033b0fb53,Phương Trần,445908922080,16/03/1947,0364254834,dangjohn@example.com,"7 Dương Bùi
JohnQuận, 694116",Huyết áp cao,11.78,Bác Tùng Đặng,20/01/2026
891f4683-de12-4bf1-893d-6196c926a021,Ông Hoàng Bùi,735941193110,12/06/2001,0841990079,john20@example.org,"653 Hưng Đức Dương
JohnHuyện, 957091",Khỏe mạnh,5.78,Vũ Đức Vũ,06/04/2026
1924c644-af52-4666-b239-09f4dbb54645,Dũng Nguyễn,846425168915,11/01/1979,0848180276,janetran@example.org,"7 Bà Hải Trần
Huyện JaneQuận, 918430",Tim mạch,7.81,Thành Mai,08/02/2026
08775804-3fde-4814-8ec0-ad4bd6441a9d,Bác Tú Vũ,007341205152,24/08/1972,0912133579,janeduong@example.com,"579 Xuân Trần Dãy
JaneQuận, 978343",Khỏe mạnh,4.84,Vũ Thị Vũ,06/01/2026
da9408c0-29b4-4cb1-8cb5-ee5c62f5f7c2,Nhật Văn Lê,869185125556,30/06/1963,0818328941,maijohn@example.net,"2 Bác Thành Dương
JaneThị xã, 494763",Tiểu đường,10.25,Anh Trọng Mai,01/04/2026
d30608be-8548-467b-ad5c-ba244d59616b,Chi Mai,847412514499,22/12/2004,0360347365,jane24@example.org,"5 Minh Lê Khu
Quận JohnThành phố, 944554",Khỏe mạnh,11.16,Hà Trí Phạm,05/01/2026
4bacbedf-ff5a-429e-bf53-d344a7c854e4,Bà Lan Nguyễn,428406219347,15/03/1988,0319177405,johndang@example.com,"8 Yến Bùi Khu
Quận JaneThành phố, 593649",Tiểu đường,9.63,Thành Dương Nhật Thành Dương,05/02/2026
55ec024a-e64b-4b37-ae01-a122f269921c,Chị Thảo Hoàng,303288037169,02/10/1965,0856030060,hoangjane@example.net,"709 Bà Mai Hoàng JaneThị xã, 156688",Tiểu đường,7.89,Hưng Trí Hoàng,21/03/2026
e8184f34-e491-4f7d-91c4-6efcfcb896bb,Hưng Mai,520574418609,11/05/1946,0723948459,johntran@example.com,"743 Hạnh Phạm, 550268",Huyết áp cao,3.75,Hà Bùi,01/01/2026
bb0c7919-330c-4ff5-88a5-fa0d09a85dc5,Lâm Phú Đặng,689768354835,18/04/1961,0829294909,phamjohn@example.com,"21 Hà Thị Đặng phố JohnHuyện, 404955",Huyết áp cao,6.06,Chị Khoa Mai,08/03/2026
5bf7dda1-7d7c-49a5-a6c1-1650ff02f5b0,Khoa Đức Vũ,190129371575,17/12/1937,0730968408,johnbui@example.org,"506 Bà Lan Bùi Đường
Bà Lan Bùi phố JohnThành phố, 823255",Tim mạch,11.04,Yến Bùi,15/03/2026
797209c0-40b3-44f8-8c1a-b2c71fa3ed1f,Ngọc Lê Nhật Ngọc Lê,868996318151,04/05/1976,0946344165,abui@example.com,"18 Bà An Trần, 309452",Tiểu đường,5.79,Lâm Trần,11/03/2026
290e3e89-4b9c-42f4-a8e5-c8cdb4146e4a,Trung Quang Vũ,976633776074,17/08/1963,0929002621,phamjohn@example.org,"972 Phương Hữu Vũ, 410401",Huyết áp cao,11.58,Vũ Lê,20/01/2026
0a190939-dfc7-4b26-acb9-41fcd02c75f9,Nhật Vũ,792799872606,03/05/1993,0596202019,dangjane@example.org,"57 Quang Mai Tổ
JohnThành phố, 520245",Tiểu đường,6.47,Nam Vũ,03/04/2026
e2d903c8-a61a-4d8e-abf7-240fccc62fed,Cô Vân Đặng,723776489148,19/01/1957,0312381883,edang@example.net,"6 Bà Vi Đặng Đường
Bà Vi Đặng xã JaneThành phố, 531262",Huyết áp cao,11.32,Quý cô Xuân Lê,08/05/2026
de4b061e-b45e-4463-832a-09e05071e5f0,Cô Mai Mai,230594433989,27/04/1948,0324438341,john50@example.net,"890 Nhiên Đức Dương phố, 887931",Tim mạch,10.02,Bác Nam Tấn Đặng,24/02/2026
8ced4707-3903-4b65-81c6-1eeb0ce3c8c8,Quang Đức Dương,568930185865,03/11/1997,0382942553,john95@example.net,"17 Phương Mai Bảo Trần, 675771",Huyết áp cao,6.51,Châu Nguyễn,28/04/2026
4dfa21be-a335-42c8-9e7b-1e95f692641a,Châu Phú Phạm,993636907200,30/09/1942,0997644763,janevu@example.net,"5 Chị Dương Bùi Ngõ
Chị Dương Bùi phố JaneHuyện, 970196",Khỏe mạnh,3.58,Cô Ngọc Dương,14/03/2026
e599bd3c-0bb8-4d38-9b37-ef19b3bc912f,Bà Hà Bùi,001663940469,01/12/1949,0858524920,jane69@example.com,"5 Nhật Đặng JanePhường, 717942",Huyết áp cao,11.27,Chi Phạm,10/01/2026
d6bca712-6ecc-4931-af70-5d018da03d88,Minh Hữu Mai,728601619238,30/10/1952,0507070593,john73@example.com,"3 Linh Mai Tổ
JaneQuận, 244892",Khỏe mạnh,10.56,Lâm Hoàng,02/03/2026
8db78572-ef7d-4821-bca0-258eb63d65d5,Lâm Hoàng Nguyễn,134037496953,27/11/1974,0940130246,john12@example.org,"1 Quý cô Dương Dương Dãy
JaneThị xã, 947568",Huyết áp cao,5.48,Cô Linh Dương,05/01/2026
ab95c72f-0d95-4af5-a534-21bc6180b78a,Bảo Mai Bảo Bùi,057531453701,06/04/1957,0336686268,bpham@example.net,"0 Xuân Mai, 922405",Tim mạch,7.03,Hà Hải Mai,17/03/2026
f9cf8499-c9c1-4d45-b4ea-6b976aa415b5,Quý cô Linh Nguyễn,931505758464,26/07/1969,0915907282,johnhoang@example.com,"8 Chị Nhật Dương, 178086",Khỏe mạnh,11.69,Quý cô Xuân Mai,24/01/2026
4773e66a-6db2-4020-8a67-01436090103c,Quý ông Quang Dương,703199122458,24/01/1970,0998805037,janele@example.net,"Quý ông Trung VũHuyện JohnQuận, 645895",Tim mạch,6.67,Dương Bùi,22/03/2026
1789be63-6746-4743-897b-303d8b074d1a,Hưng Dương,075126381197,01/06/1980,0728577373,janedang@example.net,"573 Chị Lan Dương, 369054",Huyết áp cao,4.68,Nhật Thị Vũ,14/03/2026
7210045a-823c-4ef9-8d85-65ce83a9c235,Bảo Hoàng Đặng,707554941587,14/12/1978,0960850250,phamjane@example.com,"361 Chi Mai phố JanePhường, 447828",Tiểu đường,6.11,Quý ông Huy Hoàng,11/01/2026
8ede9b46-407d-4aff-8b51-a9112d90e4ee,Anh Trọng Vũ,794077823416,24/07/1970,0766503380,jane98@example.net,"618 Minh Quang Trần
Huyện JohnHuyện, 925115",Tiểu đường,4.38,Chi Phạm,24/02/2026
61a451ff-700b-4b43-ad3b-9d13c3e90323,Phương Mai Phạm,697254943632,19/08/1956,0533047558,john69@example.com,"Bà Vân Lê JohnHuyện, 320256",Huyết áp cao,8.4,Bác Phúc Vũ,28/01/2026
9dec2b83-3885-4f7e-af1a-25a829344e15,Quý cô Vi Đặng,188383472336,16/01/1960,0863779735,jane04@example.net,"1 Linh Hoàng Làng
JaneHuyện, 234443",Tiểu đường,7.67,Anh Thành Trần,14/01/2026
7c6166df-515a-4b43-b189-1f48e66e2c11,Bác Trọng Cô Kim Dương,432469550124,06/02/1956,0367389700,janemai@example.net,"6 Quý cô Lâm VũJaneThị xã, 566991",Khỏe mạnh,6.55,Quý cô An Dương,22/01/2026
14fc3a5d-9b4b-4377-a542-deb92cff45f8,Lâm Trần,996049224811,03/02/1962,0959756486,john39@example.com,"3 Anh Bảo Phạm
Huyện JaneQuận, 909652",Tim mạch,5.34,Hà Bùi,08/04/2026
5d264b1b-6593-4659-972e-8c6882aa5c46,Hương Mai,254694274789,06/12/1957,0781599034,jane17@example.net,"7 An Trần Làng
JohnThành phố, 377198",Tiểu đường,4.59,Thành Đức Nguyễn,11/04/2026
635a11f2-5c7a-483d-8a9d-2704e860bcb1,Chị Thành Vũ,259715932643,19/06/1979,0862580779,john62@example.com,"65 Bác Hưng Dương, 610511",Tim mạch,7.32,Kim Trí Phạm,27/03/2026
83b8fa05-13bc-4dc6-bae0-acdb2a6524af,Cô Nhật Vũ,742375302026,18/10/1960,0545391407,john25@example.com,"Huy Trần phố, 355506",Huyết áp cao,8.87,Quang Đặng,26/04/2026
833c8f55-a129-4fa2-a27d-4660293fc266,Thảo Hoàng,031564157278,07/05/1955,0536847603,janedang@example.com,"9 Lâm Bảo Dương, 278852",Khỏe mạnh,5.11,Khoa Dương Duyên Khoa Dương,24/04/2026
9f8acdeb-2e8f-45a8-847a-3b7ed209383b,Hải Đức Đặng,276293712985,28/01/1997,0977831145,janepham@example.com,"886 Bà Hà Nguyễn, 627778",Khỏe mạnh,4.87,Bà Phương Mai,09/05/2026
8a0ea57a-9a7d-409d-a6e8-790b215d3b1f,Thảo Bùi,808365443945,29/05/2006,0315393826,jane34@example.org,"65 Quý ông Trung Dương
JaneQuận, 187889",Tim mạch,9.12,Trọng Thành Lê,21/03/2026
b58ac738-0166-4221-b063-ae7f41ff81d1,Duyên Kim Bảo Phạm,142970254215,25/05/1951,0967437429,duongjohn@example.net,"12 Nhật Thị Phạm Khu
JaneXã, 483405",Tiểu đường,10.02,Cô Kim Bùi,22/03/2026
7b8301cf-8ebc-4d7e-88a6-5b858d56bff6,Bà Kim Đặng,107113808612,13/03/2001,0375627012,johnmai@example.org,"1 Khoa Phạm, 939756",Huyết áp cao,11.65,Kim Bảo Trần,04/05/2026
d2c0dec2-1751-44d7-8deb-2696015aba1d,Chị Yến Hoàng,608250940319,10/05/1947,0565394660,maijane@example.com,"6 Chị Dương Bùi Khu
Quận JaneThị xã, 111230",Huyết áp cao,11.66,Bảo Thế Bùi,27/04/2026
3b4ec9f5-b2cd-4a0a-840c-5cb082b34384,Bà Lan Vũ,100949225406,26/05/1935,0825365245,janele@example.org,"93 Quang Xuân Bùi, 955129",Huyết áp cao,11.1,Thành Trí Trần,07/02/2026
932d1648-6769-40f1-ae01-b9e0746b161a,Vi Phạm,884340462644,08/10/1990,0972804312,jane71@example.net,"4 Anh Đặng Số
JohnHuyện, 913274",Tim mạch,8.09,Anh Huy Hoàng Nhiên Anh Huy Hoàng,04/04/2026
61f6dfbe-114b-4c79-8200-79f51dc3c26e,Phúc Mai Bảo Vũ,291375890666,28/06/1991,0353999980,john32@example.com,"827 Chị Ánh Đặng, 816289",Huyết áp cao,6.57,Quý cô Hà Trần,15/02/2026
43f19b58-df6c-4d60-bdf7-6a69bc45144a,Huy Quang Mai,809868896293,25/10/1983,0764907715,phamjohn@example.org,"0 Bà An Phạm, 388078",Huyết áp cao,5.34,Bà Nhật Dương,19/03/2026
20d4ba18-93a0-4478-800b-19de38db128d,Dương Dương,513023893606,16/06/2000,0318496476,gbui@example.com,"18 An Đức Vũ, 205641",Tim mạch,10.0,Trung Nguyễn,17/04/2026
78aa16ea-44f7-401a-bcb5-26d7434a130e,Ông Châu Lê,863196509534,21/01/1993,0349197088,john11@example.org,"29 Quý cô Hương Dương, 553214",Tim mạch,9.33,Quý cô Lan Dương,02/04/2026
6be8c756-2d36-426c-827e-789cce40483b,Huy Nguyễn,917057704707,30/04/1978,0751778183,john94@example.net,"12 Quý ông Huy Vũ
JohnThị xã, 880762",Tim mạch,9.0,Phúc Dương,19/04/2026
41f9994a-cf5d-437f-ae8d-5daa8eb7c306,Ông Hưng Mai,255034752557,21/02/1983,0501913273,gbui@example.com,"7 Quý cô Xuân Bùi
JohnQuận, 771697",Tiểu đường,11.68,Phúc Văn Bùi,16/01/2026
50405c43-3a6c-4da6-97f7-d71f2978cc73,Cô An Mai,080597993854,07/03/1989,0330579144,rtran@example.org,"JohnQuận
341 Chị Thành Trần, 208013",Khỏe mạnh,9.31,Nhật Mai,17/04/2026
65a29cc8-c55b-495d-86bf-d9c40dc78104,Quý ông Dũng Trần,146105195401,28/06/1956,0511515332,johnnguyen@example.net,"22 Nhiên Tấn Vũ
JaneThị xã, 589887",Khỏe mạnh,11.14,Bác Khoa Lê,27/01/2026
8a0ec018-b297-49b2-b2cf-fcaef833ebfb,Cô Thành Nguyễn,087650167771,23/07/1994,0336491566,janenguyen@example.net,"56 Tùng Mai Khu
Tùng Mai phố JohnHuyện, 400692",Tim mạch,11.07,Quý cô Khoa Đặng,28/02/2026
cc476b72-6e31-4234-8410-010802568389,Thành Mai,868045665868,04/05/1936,0768203454,bpham@example.com,"6 Anh Hưng Phạm Khu
Anh Hưng Phạm xã JohnXã, 901676",Khỏe mạnh,9.17,Kim Hoàng Phạm,22/02/2026
1186da93-da7d-4c53-b020-cf0669b41194,Bà Dương Lê,893621825575,01/05/1997,0731658271,duongjohn@example.org,"208 Quý cô Mai Phạm
JaneQuận, 849937",Khỏe mạnh,8.63,Bà Xuân Nguyễn,30/01/2026
578799d9-3799-4376-be5b-3ac903c501fe,Hồng Trần,636504126052,19/06/1998,0801185462,john71@example.org,"872 Phương Nguyễn phố JohnThị xã, 908688",Khỏe mạnh,5.43,Châu Mai Dương,31/03/2026
85695f97-180d-4855-855f-fde8bc3e1d19,Phúc Trí Nguyễn,088001472695,30/04/1979,0340338430,maijohn@example.com,"4 Cô Hạnh Nguyễn phố JohnPhường, 555251",Tim mạch,11.3,Mai Vũ,24/04/2026
3e3b1a40-ca05-43a2-a553-b15f1ea15b0f,Khoa Nguyễn,623701820499,16/01/2000,0381206460,janenguyen@example.com,"9 Vũ Đặng, 662407",Khỏe mạnh,7.29,Quý cô Nhật Đặng,15/02/2026
c9df301e-8ef0-4de1-bb4f-19725115d7ee,Bác Phúc Vũ,183245396840,09/10/1986,0948297749,nguyenjohn@example.org,"7 Hưng Xuân Mai, 971733",Khỏe mạnh,9.7,Ông Anh Nguyễn,29/03/2026
8aa6b006-436a-4b9d-91c5-6a004bb13407,Hạnh Mai,881320706103,12/12/1986,0812617127,dangjane@example.org,"18 Hà DươngHuyện JaneThị xã, 772036",Khỏe mạnh,5.57,Hạnh Đặng,08/05/2026
f013a170-d5cf-4b4c-8b34-fc841111ee29,Chi Nguyễn,067011327588,05/12/1949,0539218951,johnbui@example.net,"7 Vân Trần Tổ
Vân Trần phố JohnQuận, 787603",Tim mạch,7.85,Tùng Trần,12/03/2026
e3f342a8-f030-4fd4-be54-898e8eda6433,Ông Hoàng Phạm,907526970789,15/07/1971,0984989379,janebui@example.com,"386 Quý cô Vân Mai, 704570",Huyết áp cao,7.18,Minh Đặng,02/02/2026
66cc7376-8cca-4963-ae2e-77a4cadec379,Bác Hưng Lê,923405801641,02/04/1978,0378380612,phamjane@example.net,"8 Huy Mai
JaneThị xã, 516379",Tim mạch,8.68,Nhật Thị Đặng,25/02/2026
2294fa0a-8482-4c08-842c-65ad9883e9b1,Cô Kim Đặng,326052973009,23/07/1965,0798414598,buijohn@example.net,"075 Linh Nguyễn
JohnQuận, 368691",Tiểu đường,5.58,Khoa Thị Phạm,19/03/2026
bbf8da91-37a9-4824-aafa-4d5b91ae3d4c,Bác Tùng Trần,591462129599,11/01/2001,0977157449,jane51@example.com,"961 Khoa DươngJaneThành phố, 907812",Huyết áp cao,11.49,Quý ông Quang Hoàng,11/01/2026
51beba8e-0a8a-4b94-863d-fcd64e0648d0,Lâm Phạm,306809020845,17/03/1956,0838790207,buijane@example.org,"646 Mai Hoàng, 518582",Tiểu đường,9.65,Quý ông Anh Nguyễn,08/04/2026
2160446e-b2a7-4475-8619-67736f3acf33,Phúc Quang Nguyễn,359978283736,03/10/2001,0705181725,johnbui@example.com,"146 Phương Nguyễn Ngõ
Phương Nguyễn xã JaneHuyện, 465227",Tim mạch,5.72,Quý ông Quang Hoàng,08/05/2026
2b54500d-4e08-4bb4-8509-d55806326b36,Trọng An Phú Mai,049962285320,16/03/1955,0801520218,duongjane@example.com,"1 Quý ông Nam Hoàng
Huyện JohnHuyện, 827497",Huyết áp cao,6.75,Nam Đức Trần,02/04/2026
bd717da3-3581-4632-94f5-df7005d2d205,Tú Dương,120495126968,24/07/1970,0737081410,lejane@example.org,"98 Quý cô Vi LêQuý cô Vi Lê, 747983",Huyết áp cao,11.94,Hạnh Xuân Lê,08/05/2026
637e3f94-110c-4d92-8222-305df1f71605,Quang Quang Vũ,231659986924,15/12/1937,0583859218,jane76@example.org,"Hạnh Vũ
387 Hạnh Vũ, 655132",Huyết áp cao,7.17,Cô Lan Vũ,18/03/2026
58c69158-04b4-4ac9-a831-7f0dbe9063fb,Chị Phương Bùi,820304513278,31/07/2003,0807263960,ohoang@example.org,"256 Bà Hải Phạm, 260169",Khỏe mạnh,6.14,Cô Phương Phạm,16/04/2026
2379c05f-a708-4280-b4ee-0b6721bbd183,Thành Tấn Mai,153649988384,07/10/1953,0896807700,john02@example.net,"881 Phương Phạm
Huyện JaneThị xã, 418083",Khỏe mạnh,6.57,Bác Quý ông Trung Phạm,21/01/2026
c32fc21b-06b4-4d27-af4b-8be821acfdb5,Trọng Hoàng Bùi,079927761545,14/10/1966,0906425162,john25@example.com,"897 Phương Thế Nguyễn Số
JaneQuận, 271742",Huyết áp cao,6.85,Cô Ngọc Mai,03/01/2026
69bd40d8-f340-4dd3-8515-75b9ece9504b,Vũ Tấn Bùi,420042608701,11/05/1944,0347077217,john11@example.com,"660 Mai Hoàng Số
Mai Hoàng phố JaneThị xã, 967182",Khỏe mạnh,7.36,Bà Hạnh Hoàng,11/04/2026
